{"cameraMode":{"drawMode":0,"name":"Shaded","section":"Shading Mode"},"sceneLighting":true,"audioPlay":false,"sceneViewState":{"showFog":true,"showMaterialUpdate":false,"showSkybox":true,"showFlares":true,"showImageEffects":true,"showParticleSystems":true},"in2DMode":false,"pivot":{"x":-0.02839604578912258,"y":1.0392464399337769,"z":-0.08514808863401413},"rotation":{"x":0.045516181737184528,"y":-0.9527885317802429,"z":0.23954546451568604,"w":0.18105901777744294},"size":1.5890824794769288,"orthographic":false}