{"cameraMode":{"drawMode":0,"name":"Shaded","section":"Shading Mode"},"sceneLighting":true,"audioPlay":false,"sceneViewState":{"showFog":true,"showMaterialUpdate":false,"showSkybox":true,"showFlares":true,"showImageEffects":true,"showParticleSystems":true},"in2DMode":false,"pivot":{"x":2.760305881500244,"y":0.9105919599533081,"z":-1.1181796789169312},"rotation":{"x":-0.03845710679888725,"y":0.957561194896698,"z":-0.15237843990325929,"w":-0.24164867401123048},"size":2.090768575668335,"orthographic":false}