{"cameraMode":{"drawMode":0,"name":"Shaded","section":"Shading Mode"},"sceneLighting":true,"audioPlay":false,"sceneViewState":{"showFog":true,"showMaterialUpdate":false,"showSkybox":true,"showFlares":true,"showImageEffects":true,"showParticleSystems":true},"in2DMode":false,"pivot":{"x":1.9740710258483887,"y":0.9950771331787109,"z":-0.5139051079750061},"rotation":{"x":0.006253476720303297,"y":0.969864010810852,"z":-0.2422916442155838,"w":0.025029528886079789},"size":1.889082431793213,"orthographic":false}